INSERT INTO `hasiltryouts` (`id`, `id_tryout`, `id_user`, `nilai`, `created_at`, `updated_at`) VALUES
(1, 1, 1, 78, CURRENT_TIMESTAMP, CURRENT_TIMESTAMP),
(2, 7, 1, 90, CURRENT_TIMESTAMP, CURRENT_TIMESTAMP),
(3, 9, 1, 11, CURRENT_TIMESTAMP, CURRENT_TIMESTAMP),
(4, 2, 1, 11, CURRENT_TIMESTAMP, CURRENT_TIMESTAMP),
(5, 10, 3, 45, CURRENT_TIMESTAMP, CURRENT_TIMESTAMP),
(6, 1, 3, 45, CURRENT_TIMESTAMP, CURRENT_TIMESTAMP);

INSERT INTO `modules` (`id`, `title`, `description`, `category`, `time`, `amount`, `created_at`, `updated_at`) VALUES
(5, 'Dasar pemrograman web dengan HTML dan CSS', 'Modul pembelajaran berisi materi dasar mengenai tag html dan styling html menggunakan css', 'webDev', 1, 32, '2024-05-18 09:33:49', '2024-05-18 09:33:49'),
(8, 'Dasar pemrograman menggunakan Dart', 'Modul pembelajaran berisi materi dasar mengenai logika dan fungsi bahasa pemrograman Dart', 'basicprogamming', 4, 32, '2024-05-18 09:34:34', '2024-05-18 09:34:34'),
(11, 'Belajar Microsoft Word dari Awal', 'Modul pembelajaran berisi dasar-dasar Microsoft Word untuk membantu kalian yang ini belajar dari awal.', 'mos', 4, 5, '2024-05-20 10:39:21', '2024-05-20 10:39:21'),
(12, '15 Rumus Excel untuk Lulus MOS Excel', 'Modul pembelajaran berisi dasar-dasar Microsoft Excel untuk membantu kalian yang akan mengikuti sertifikasi MOS Excel dengan 15 rumus utama yang kerap hadir dan menjadi focus dalam Microsoft Excel', 'mos', 4, 3, '2024-05-20 10:39:21', '2024-05-20 10:39:21'),
(13, 'Microsoft Office Specialist (MOS) Microsoft Power Point Pertemuan 1', 'Modul ini bertujuan untuk memperkenalkan peserta kepada dasar-dasar Microsoft PowerPoint dan membekali mereka dengan keterampilan yang diperlukan untuk membuat presentasi yang efektif.', 'mos', 3, 4, '2024-05-20 10:39:21', '2024-05-20 10:39:21'),
(14, 'Apa Itu DIgital Marketing Sebenarnya', 'Modul ini bertujuan untuk memberikan pemahaman dasar tentang apa itu digital marketing, manfaatnya, dan berbagai jenisnya. Peserta akan mempelajari bagaimana digital marketing dapat digunakan untuk mencapai tujuan bisnis dan meningkatkan penjualan.', 'marketing', 2, 4, '2024-05-20 10:39:21', '2024-05-20 10:39:21'),
(15, '3 Skill yang Harus Dimiliki Copywriter', 'Modul ini bertujuan untuk memberikan pemahaman terhadap peran penting copywriter dalam dunia marketing dan advertising, mampu mengidentifikasi 3 skill wajib yang harus dimiliki copywriter, serta mendapatkan pengetahuan dan tips untuk mengembangkan 3 skill wajib tersebut.', 'marketing', 2, 4, '2024-05-20 10:39:21', '2024-05-20 10:39:21'),
(16, 'Microsoft Office Specialist : Excel', 'Microsoft Office Specialist (MOS) adalah program sertifikasi yang diakui industri yang memvalidasi keterampilan dalam aplikasi Microsoft Office. ', 'mos', 7, 18, '2024-06-10 14:28:59', '2024-06-10 14:28:59');

INSERT INTO `materials` (`id`, `title`, `id_submodule`, `content`, `created_at`, `updated_at`) VALUES
(1, 'Definisi', 3, '<article>\n                Microsoft Office Specialist adalah sertifikasi berskala global yang menunjukan kemampuan dalam menggunakan\n                program-program dari <span class=\"font-bold\">Microsoft Office seperti Microsoft Word, Microsoft Excel, Microsoft Power Point, Microsoft OneNote,\n                Microsoft Outlook, Microsoft Access, Microsoft SharePoint.</span> Lebih dari 1 juta tes setiap tahunnya dilaksanakan di lebih\n                dari 140 negara di dunia.\n            </article>', '2024-07-01 17:46:50', '2024-07-01 17:46:50'),
(2, 'Mengapa Microsoft Office?', 3, '<article>\n                <div>\n                    Lebih dari 1.2 milyar orang menggunakan program-program Microsoft Office sebagai aplikasi yang utama dalam mengerjakan\n                    tugas maupun pekerjaannya sehari-hari. Keahlian dalam menggunakan Microsoft Office bukan lagi hanya sebagai kemampuan IT\n                    saja tetapi sudah menjadi kriteria wajib dan penting bagi sebuah perusahaan dalam mencari karyawan.\n                </div>\n                \n                <div class=\"mt-6\">\n                    Microsoft Office Specialist (MOS) adalah program sertifikasi yang diakui industri yang memvalidasi keterampilan dalam\n                    aplikasi Microsoft Office. Dengan lebih dari 3,9 juta pekerjaan setiap tahun yang meminta keterampilan Microsoft Office\n                    (di Amerika Serikat saja), mereka yang mengambil dan lulus sertifikasi MOS diberdayakan untuk menonjol dalam pasar kerja\n                    yang kompetitif, sekaligus menyederhanakan tugas sehari-hari dan mendorong pertumbuhan karier.\n                </div>\n                <div class=\"mt-6\">\n                    MOS adalah satu-satunya program sertifikasi yang didukung Microsoft yang memvalidasi keterampilan Microsoft Office. Ini\n                    menawarkan tiga versi sertifikasi, termasuk <span class=\"font-bold\">Microsoft Office Specialist – Aplikasi Microsoft 365, Microsoft Office Specialist – Microsoft Office 2019, dan Microsoft Office Specialist – Microsoft Office 2016. </span>\n                </div>\n                <div class=\"mt-6\">\n                    Sertifikasi Microsoft Office Specialist: Word Associate menunjukkan kompetensi dalam menggunakan aplikasi serta\n                    fitur\n                    utama di Word dengan membuat dan mengedit dokumen untuk berbagai tujuan dan situasi. Ujian mencakup kemampuan untuk\n                    membuat dan mengelola laporan yang terlihat profesional, buletin multi-kolom, resume, dan korespondensi bisnis.\n                </div>\n                <div class=\"mt-6\">\n                    Seseorang yang mendapatkan sertifikasi ini memiliki sekitar 150 jam instruksi dan pengalaman langsung dengan produk\n                    sertifikasi, telah membuktikan kompetensi di tingkat Associate di industri dan siap memasuki pasar kerja. Mereka\n                    dapat\n                    mendemonstrasikan penerapan yang benar dari fitur utama Word dan dapat menyelesaikan tugas secara mandiri.\n                </div>\n                <div class=\"mt-6\">\n                    Ujian sertifikasi Program Microsoft Office Specialist menggunakan format berbasis kinerja yang menguji pengetahuan,\n                    keterampilan, dan kemampuan kandidat menggunakan program Microsoft Office 365 and Office 2019:\n                </div>\n                <div class=\"mt-2 ml-12\">\n                    <li>\n                        Instruksi tugas ujian Program Microsoft Office Specialist umumnya tidak menyertakan nama command. Misalnya, nama\n                        fungsi dihindari, dan diganti dengan deskriptor. Ini berarti kandidat harus memahami tujuan dan penggunaan umum dari\n                        fungsionalitas program agar berhasil menyelesaikan tugas di setiap proyek.\n                    </li>\n                    <li>\n                        Format ujian Program Microsoft Office Specialist menggabungkan beberapa proyek seperti pada versi sebelumnya, dengan\n                        menggunakan alat, fungsi, dan fitur yang disempurnakan di program terbaru.\n                    </li>\n                </div>\n            </article>', '2024-07-01 17:46:50', '2024-07-01 17:46:50'),
(49, 'Kurikulum', 3, '<article>\n        <div>\n            <span class=\"font-semibold\">1. Mengelola Worksheet dan Workbook:</span>\n            <li>Impor data ke dalam workbook</li>\n            <li>Menavigasi di dalam workbook</li>\n            <li>Memanipulasi data di worksheet</li>\n            <li>Membuat dan memformat tabel</li>\n            <li>Menyisipkan referensi</li>\n            <li>Memformat worksheet dan workbook</li>\n            <li>Menyesuaikan opsi dan tampilan</li>\n            <li>Konfigurasikan konten untuk kolaborasi</li>\n        </div>\n\n\n        <div class=\"mt-6\">\n            <span class=\"font-semibold\">2. Mengelola Cell dan Data Range</span>\n\n            <li>Memformat cell dan data range</li>\n            <li>Tentukan dan mereferensikan named range</li>\n            <li>Meringkas data secara visual</li>\n        </div>\n\n        <div class=\"mt-6\">\n            <span class=\"font-semibold\">3. Mengelola Tabel dan Data Tabel</span>\n            <li>Mengubah tabel</li>\n            <li>Filter dan sort data table</li>\n        </div>\n\n        <div class=\"mt-6\">\n            <span class=\"font-semibold\">4. Mengoperasikan dengan Menggunakan Rumus dan Fungsi</span>\n            <li>Menghitung dan mengubah data</li>\n            <li>Memformat dan memodifikasi teks</li>\n        </div>\n\n        <div class=\"mt-6\">\n            <span class=\"font-semibold\">5. Mengelola Chart</span>\n        <li>Membuat chart\n        </li>\n        <li>Modifikasi chart</li>\n        <li>Memformat chart\n        </li>\n        </div>\n    </article>', '2024-07-01 17:46:50', '2024-07-01 17:46:50'),
(50, 'Membuat Workbook dan Spreadsheet', 4, '<article>\n        Secara sederhana, Workbook adalah file Excel yang kamu buka, sedangkan Spreadsheet adalah lembaran dokumen yang\n        terdapat\n        dalam satu file tersebut. Untuk membuat Workbook baru, kamu cukup menekan tombol File di bagian atas Excel,\n        kemudian\n        klik New dan pilih Blank Workbook. Jika ingin menambah Spreadsheet baru, cukup tekan tombol \'+\' yang terletak di\n        bagian\n        bawah Excel, di area Spreadsheet. Setelah itu, kamu bisa menyusun Spreadsheet dengan menekan dan menggesernya ke\n        kiri\n        atau kanan.\n    </article>', '2024-07-01 17:46:50', '2024-07-01 17:46:50'),
(51, 'Memasukkan Data', 4, '<article>\n        Memasukkan angka atau teks ke dalam Excel sangat mudah. Kamu hanya perlu mengklik sel kosong pada Spreadsheet, lalu\n        mengetik angka atau kata yang diinginkan. Untuk berpindah ke sel lain, cukup tekan tombol enter atau tab pada keyboard\n    </article>', '2024-07-01 17:46:50', '2024-07-01 17:46:50'),
(52, 'Mengatur Tabel', 4, '<article>\n        Dalam Microsoft Excel, kamu dapat mengatur jenis border dan warna dalam tabel dengan mudah. Terdapat berbagai macam\n        jenis border yang dapat dipilih dengan mengeklik tombol Borders, yang terletak di bagian Font di bagian atas Excel.\n        Untuk memberikan warna pada tabel, kamu hanya perlu memilih sel, kolom, atau baris yang ingin diwarnai sebelum mengeklik\n        tombol Fill Color, yang memiliki ikon seperti kaleng cat di bagian atas Excel pada bagian Font. Setelah itu, kamu dapat\n        memilih warna yang diinginkan.\n    </article>', '2024-07-01 17:46:50', '2024-07-01 17:46:50'),
(53, 'Menyusun Data', 4, '<article>\n        Agar data terlihat lebih teratur, kamu bisa mempelajari cara menyusun data dalam Excel berdasarkan abjad atau urutan\n        dari angka terkecil ke terbesar, dan sebaliknya. Untuk menyusunnya, cukup pilih baris atau kolom yang ingin disusun\n        datanya, lalu klik tombol Sort & Filter yang terletak di bagian atas Excel pada bagian Data. Setelah itu, kamu dapat\n        memilih apakah ingin menyusun data dari angka terbesar atau terkecil.\n    </article>', '2024-07-01 17:46:50', '2024-07-01 17:46:50'),
(54, 'Menyaring Data', 4, '  <article>\n        Selain mengatur data, kamu juga dapat memanfaatkan tombol Sort & Filter untuk menyaring atau mencari data yang kamu\n        perlukan. Cukup pilih kolom atau baris yang ingin disortir, lalu klik tombol Sort & Filter, dan selanjutnya klik Filter.\n        Setelah itu, kamu dapat menyaring data sesuai dengan kriteria yang diinginkan.\n    </article>', '2024-07-01 17:46:50', '2024-07-01 17:46:50'),
(55, 'Menerapkan Penjumlahan Otomatis', 4, '<article>\n        Jika belum familiar dengan rumus Excel untuk menjumlahkan angka, kamu dapat dengan mudah menambah angka-angka tersebut\n        secara otomatis dengan memilih kolom atau baris yang ingin dijumlahkan, lalu klik tombol Auto Sum yang terletak di\n        bagian atas Excel pada bagian Editing.\n    </article>', '2024-07-01 17:46:50', '2024-07-01 17:46:50'),
(56, 'Rumus Dasar', 5, '<article>\n        <div class=\"mb-12\">\n            <span class=\"font-bold\">=SUM()</span>\n            <p>\n                Kamu bisa menggunakan rumus Excel ini untuk menjumlahkan angka di satu kolom atau\n                baris\n            </p>\n\n            <img src=\"/img/excel/SUM.jpg\" alt=\"sum\">\n        </div>\n        <div class=\"mb-12\">\n            <span class=\"font-bold\">=COUNT()</span>\n            <p>\n                Berbeda dengan rumus =SUM(), formula =COUNT() dipakai saat ingin mengetahui berapa jumlah sel yang berisi angka di\n                dalamnya pada satu baris atau kolom.\n            </p>\n\n            <img src=\"/img/excel/COUNT.jpg\" alt=\"sum\">\n        </div>\n        <div class=\"mb-12\">\n            <span class=\"font-bold\">=COUNTA()</span>\n            <p>\n                berfungsi untuk memberitahukan jumlah sel yang terisi angka dalam satu kolom atau baris, maka formula =COUNTA()\n                menginformasikan seluruh jumlah sel yang terisi dalam satu kolom atau baris. Jadi, sel yang berisi huruf ataupun simbol\n                lainnya juga akan terhitung dengan rumus Excel ini.\n            </p>\n\n            <img src=\"/img/excel/COUNTA.jpg\" alt=\"sum\">\n        </div>\n        <div class=\"mb-12\">\n            <span class=\"font-bold\">=AVERAGE()</span>\n            <p>\n                digunakan saat ingin mencari angka rata-rata dari satu kolom atau baris\n            </p>\n\n            <img src=\"/img/excel/AVERAGE.jpg\" alt=\"sum\">\n        </div>\n        <div class=\"mb-12\">\n            <span class=\"font-bold\">=MAX()</span>\n            <p>\n                digunakan untuk mencari angka paling besar pada sebuah kolom atau baris.\n            </p>\n\n            <img src=\"/img/excel/MAX.jpg\" alt=\"sum\">\n        </div>\n        <div class=\"mb-12\">\n            <span class=\"font-bold\">=MIN()</span>\n            <p>\n                Sebaliknya, rumus ini digunakan untuk mengidentifikasi angka paling kecil di sebuah kolom atau baris.\n            </p>\n\n            <img src=\"/img/excel/MIN.jpg\" alt=\"sum\">\n        </div>\n        <div class=\"mb-12\">\n            <span class=\"font-bold\">=IF()</span>\n            <p>\n                bisa digunakan untuk mencari kolom atau baris mana yang angkanya sudah sesuai dengan kriteria atau persyaratan yang di\n                buat. Misalnya, kalau sel A1 lebih kecil dari sel B2, maka tulisan \"BENAR\" akan muncul, tapi kalau tidak, maka kata\n                \"SALAH\" yang akan muncul.\n            </p>\n\n            <img src=\"/img/excel/IF.jpg\" alt=\"sum\">\n        </div>\n        <div class=\"mb-12\">\n            <span class=\"font-bold\">=TRIM()</span>\n            <p>\n                berfungsi untuk menghilangkan spasi berlebih dalam sel yang bisa membuat perhitungan menjadi eror.\n            </p>\n\n            <img src=\"/img/excel/TRIM.jpg\" alt=\"sum\">\n        </div>\n\n    </article>', '2024-07-01 17:46:50', '2024-07-01 17:46:50');

INSERT INTO `submodules` (`id`, `title`, `id_module`, `created_at`, `updated_at`) VALUES
(3, 'Pendahuluan', 16, '2024-07-01 17:44:58', '2024-07-01 17:44:58'),
(4, 'Belajar Fitur-Fitur Microsoft Excel untuk Pemula', 16, '2024-07-01 17:44:58', '2024-07-01 17:44:58'),
(5, 'Belajar Rumus-Rumus Excel yang Dasar', 16, '2024-07-01 17:44:58', '2024-07-01 17:44:58');

INSERT INTO `tryouts` (`id`, `nama`, `total`, `tingkat`, `kategori`, `waktu`, `created_at`, `updated_at`) VALUES
(1, 'Excel Pivot Table', 16, 'menengah', 'excel', 24, '2024-06-16 06:33:35', '2024-06-16 06:33:35'),
(2, 'PowerPoint Morph Transition', 8, 'mudah', 'powerpoint', 6, '2024-06-16 06:33:49', '2024-06-16 06:33:49'),
(3, 'Word Proposal Document', 18, 'menengah', 'word', 18, '2024-06-16 06:51:39', '2024-06-16 06:51:48'),
(5, 'Memformat Dokumen dengan Style dan Template', 22, 'menengah', 'word', 32, '2024-06-16 06:48:53', '2024-06-16 06:48:53'),
(6, 'Menggunakan Rumus dan Fungsi', 6, 'menengah', 'excel', 10, '2024-06-16 06:48:53', '2024-06-16 06:48:53'),
(7, 'Membuat Grafik dan Bagan', 8, 'mudah', 'excel', 12, '2024-06-16 06:48:53', '2024-06-16 06:48:53'),
(8, 'Memformat Slide dengan Tema dan Style', 16, 'menengah', 'powerpoint', 22, '2024-06-16 06:48:53', '2024-06-16 06:48:53'),
(9, 'Memformat Angka dan Tanggal', 7, 'mudah', 'excel', 11, '2024-06-16 06:48:53', '2024-06-16 06:48:53'),
(10, 'Memformat Sel dan Tabel', 4, 'mudah', 'excel', 6, '2024-06-16 06:48:53', '2024-06-16 06:48:53');

INSERT INTO `users` (`id`, `name`, `email`, `email_verified_at`, `password`, `total`, `remember_token`, `created_at`, `updated_at`, `auth_id`, `auth_type`) VALUES
(1, 'Fahmi Abdullah Muslimin', 'fahmi.muslimin22@student.uisi.ac.id', NULL, '$2y$12$yyBKKt7BNNR08ThxVqI4uuWVhvUIkjsHAyNsXOiFBh9Zv/Qtolmvu', 0, NULL, '2024-06-10 07:31:12', '2024-06-10 07:31:12', '102893591587956865312', 'google'),
(3, 'matchalatte', 'matcha@gmail.com', NULL, '$2y$12$V8QoaU2IcMiB8Exs7VOcs.qOdyCBwqBf7e4H7T5JI1iTMtAkcpMdS', 0, NULL, '2024-07-01 11:08:10', '2024-07-01 11:08:10', NULL, NULL);

